size_mb,distribution,thread_count,fan_in_factor,phase1_seconds,phase2_seconds,total_seconds,phase1_throughput_mb_s,phase2_throughput_mb_s,overall_throughput_mb_s,runs_written,merge_passes,input_bytes,output_bytes
1024,random,6,8,1.700163,4.948753,6.649127,602.30,206.92,308.01,54,2,1073741824,1073741824
1024,random,6,16,1.286187,4.624595,5.910910,796.15,221.42,346.48,54,2,1073741824,1073741824
1024,random,8,8,1.183620,4.664445,5.848222,865.14,219.53,350.19,54,2,1073741824,1073741824
1024,random,8,16,1.201433,4.655314,5.856977,852.32,219.96,349.67,54,2,1073741824,1073741824
1024,random,10,8,1.139034,4.811442,5.950705,899.01,212.83,344.16,54,2,1073741824,1073741824
1024,random,10,16,1.249533,4.751175,6.000973,819.51,215.53,341.28,54,2,1073741824,1073741824
